Driver;0;1;2;3;4;5;6;7;8;9;10;11;12;13;14;15;16;17;18;19;20;21;22;23;24;25;26;27;28;29;30;31;32;33
Starwrek;;;;;;;;;;x;;;;;;;;x;;;;;;;;x;;;;;;;;
McVizn;;;;;;;;;x;;;;;;;;;x;;;;;;;;x;;;;;;;;
BlackRebel;;;;;;;;;;x;;;;;;;;x;;;;;;;x;;;;;;;;;
Dremet;;;;;;;;;x;;;;;;;;;x;;;;;;;;;x;;;;;;;
polruiz12;;;;;;;x;;;;;;x;;;;;;;;x;;;;;;x;;;;;;;
Stonie;;;;;;;;;;x;;;;;;;;x;;;;;;;;x;;;;;;;;
daone1996jr;;;;;;;;;x;;;;;;;;;x;;;;;;;;x;;;;;;;;
cmcmgu;;;;;;;;;x;;;;;;;;x;;;;;;;;x;;;;;;;;;
Bixon;;;;;;;;;x;;;;;;;;;x;;;;;;;;x;;;;;;;;
mtta.andres;;;;;;;;;x;;;;;;x;;;;;;x;;;;;;;x;;;;;;
muritopin;;;;;;;;;;;;;;;;;;;;;;;;;;;;;;;;;;
Patient Zero;;;;;;;;;;;;;;;;;;;;;;;;;;;;;;;;;;
;;;;;;;;;;;;;;;;;;;;;;;;;;;;;;;;;;
